<?xml version="1.0" encoding="UTF-8" ?>

<container xmlns="http://symfony.com/schema/dic/services"
    xmlns:xsi="http://www.w3.org/2001/XMLSchema-instance"
    xsi:schemaLocation="http://symfony.com/schema/dic/services http://symfony.com/schema/dic/services/services-1.0.xsd">

    <services>
        <service id="fos_user.group.form.factory" class="FOS\UserBundle\Form\Factory\FormFactory">
            <argument type="service" id="form.factory" />
            <argument>%fos_user.group.form.name%</argument>
            <argument>%fos_user.group.form.type%</argument>
            <argument>%fos_user.group.form.validation_groups%</argument>
        </service>

        <service id="fos_user.group.form.type" class="FOS\UserBundle\Form\Type\GroupFormType">
            <tag name="form.type" alias="fos_user_group" />
            <argument>%fos_user.model.group.class%</argument>
        </service>

        <service id="fos_user.group.controller" class="FOS\UserBundle\Controller\GroupController" public="true">
            <argument type="service" id="event_dispatcher" />
            <argument type="service" id="fos_user.group.form.factory" />
            <argument type="service" id="fos_user.group_manager" />
            <call method="setContainer">
                <argument type="service" id="service_container" />
            </call>
        </service>
    </services>

</container>
